Name,"Modified Time","Change Time","Access Time","Created Time",Size,"Flags(Dir)","Flags(Meta)",Known,Location,"MD5 Hash","SHA-256 Hash","MIME Type",Extension
"[current folder]","2018-04-06 18:05:29 IST","2018-04-06 18:05:29 IST","2018-04-06 18:05:29 IST","2018-03-28 05:36:27 IST",168,Allocated,Allocated,unknown,"/img_LoneWolf.E01/vol_vol7/Users/jcloudy/Dropbox/.",,,,
"[parent folder]","2018-03-28 06:23:56 IST","2018-03-28 06:23:56 IST","2018-03-28 06:23:56 IST","2018-03-27 14:48:58 IST",256,Allocated,Allocated,unknown,"/img_LoneWolf.E01/vol_vol7/Users/jcloudy/Dropbox/..",,,,
.dropbox.cache,"2018-04-06 18:05:52 IST","2018-04-06 18:05:52 IST","2018-04-06 18:05:52 IST","2018-03-28 05:36:28 IST",56,Allocated,Allocated,unknown,"/img_LoneWolf.E01/vol_vol7/Users/jcloudy/Dropbox/.dropbox.cache",,,,
"Cubs' Anthony Rizzo Praises Parkland Kids, Says 'It's too Easy to Get a Gun'_files","2018-04-06 18:05:51 IST","2018-04-06 18:05:51 IST","2018-04-06 18:05:51 IST","2018-04-06 18:05:22 IST",56,Allocated,Allocated,unknown,"/img_LoneWolf.E01/vol_vol7/Users/jcloudy/Dropbox/Cubs' Anthony Rizzo Praises Parkland Kids, Says 'It's too Easy to Get a Gun'_files",,,,
"Larry King_ Time to Repeal the 'Poorly Written' Second Amendment_files","2018-04-06 18:05:51 IST","2018-04-06 18:05:51 IST","2018-04-06 18:05:51 IST","2018-04-06 18:05:22 IST",56,Allocated,Allocated,unknown,"/img_LoneWolf.E01/vol_vol7/Users/jcloudy/Dropbox/Larry King_ Time to Repeal the 'Poorly Written' Second Amendment_files",,,,
.dropbox,"2018-03-28 05:36:29 IST","2018-03-28 05:36:29 IST","2018-03-28 05:36:29 IST","2018-03-28 05:36:29 IST",36,Allocated,Allocated,unknown,"/img_LoneWolf.E01/vol_vol7/Users/jcloudy/Dropbox/.dropbox","b992213fd47fe343d7b2a8d91c3f9420","c2f3174abb93462f6df07f1b1f7ba871a961b7695fc6356277fab7924803a695",text/plain,
"AIRPORT INFORMATION.docx","2018-04-05 07:43:38 IST","2018-04-06 18:05:28 IST","2018-04-06 18:05:28 IST","2018-04-06 18:05:25 IST",172684,Allocated,Allocated,unknown,"/img_LoneWolf.E01/vol_vol7/Users/jcloudy/Dropbox/AIRPORT INFORMATION.docx","297eec248647f33f887d72328ab56f3c","1fb5577d8559562d97ac3023e0ca91cc6b8b55d2e5fabaa81160c109f0abf9b6","application/vnd.openxmlformats-officedocument.wordprocessingml.document",docx
"AIRPORT INFORMATION.docx:com.dropbox.attributes","2018-04-05 07:43:38 IST","2018-04-06 18:05:28 IST","2018-04-06 18:05:28 IST","2018-04-06 18:05:25 IST",83,Allocated,Allocated,unknown,"/img_LoneWolf.E01/vol_vol7/Users/jcloudy/Dropbox/AIRPORT INFORMATION.docx:com.dropbox.attributes","c8e6cb4ef9559341be3e17b8b8c1ab5b","69e64a7ff3830daa8d69d98aed0cb25369e4a99f6cbde3c87085dcadd58b2379",application/zlib,docx
"AIRPORT INFORMATION.docx:com.dropbox.attrs","2018-04-05 07:43:38 IST","2018-04-06 18:05:28 IST","2018-04-06 18:05:28 IST","2018-04-06 18:05:25 IST",27,Allocated,Allocated,unknown,"/img_LoneWolf.E01/vol_vol7/Users/jcloudy/Dropbox/AIRPORT INFORMATION.docx:com.dropbox.attrs","e7573e8425d4af8d2ba4570e96fd5e31","cde63ec53ba0ffd4b64bcd1663cc94f70891792980e4dd6fdb7a182e81590c09",application/octet-stream,docx
BladeofGrass.jpg,"2018-04-05 07:43:40 IST","2018-04-06 18:05:28 IST","2018-04-06 18:05:28 IST","2018-04-06 18:05:25 IST",201810,Allocated,Allocated,unknown,"/img_LoneWolf.E01/vol_vol7/Users/jcloudy/Dropbox/BladeofGrass.jpg","3e504c694bee6b0b7ba71f11951641f0","332198b9cf31dee862ade4c39281855bfa6357f085be47a66385c427f5a1f16b",image/jpeg,jpg
"BladeofGrass.jpg:com.dropbox.attributes","2018-04-05 07:43:40 IST","2018-04-06 18:05:28 IST","2018-04-06 18:05:28 IST","2018-04-06 18:05:25 IST",83,Allocated,Allocated,unknown,"/img_LoneWolf.E01/vol_vol7/Users/jcloudy/Dropbox/BladeofGrass.jpg:com.dropbox.attributes","aa20df479669f4e6efd884a7ee9022dc","96e0657aa303464e1c0b725c20c0d521b19306e3949295ba7db55395c11173c1",application/zlib,jpg
"BladeofGrass.jpg:com.dropbox.attrs","2018-04-05 07:43:40 IST","2018-04-06 18:05:28 IST","2018-04-06 18:05:28 IST","2018-04-06 18:05:25 IST",27,Allocated,Allocated,unknown,"/img_LoneWolf.E01/vol_vol7/Users/jcloudy/Dropbox/BladeofGrass.jpg:com.dropbox.attrs","4b56005c79934f4454b9714b1e5f74a4","239f1f285f4879477b3d4ebfb1c1cf9cb43e8cd59d61e3ef38b48ae52855f029",application/octet-stream,jpg
"Box Sync.lnk","2018-04-05 07:43:42 IST","2018-04-06 18:05:28 IST","2018-04-06 18:05:28 IST","2018-04-06 18:05:25 IST",1606,Allocated,Allocated,unknown,"/img_LoneWolf.E01/vol_vol7/Users/jcloudy/Dropbox/Box Sync.lnk","223a2c3d0845dc316fc55d9703ff98bb","5c5078bc9d9af3169a0359308281b5b29a674a3619a84cb1576943bbc97a265f",application/octet-stream,lnk
"Box Sync.lnk:com.dropbox.attributes","2018-04-05 07:43:42 IST","2018-04-06 18:05:28 IST","2018-04-06 18:05:28 IST","2018-04-06 18:05:25 IST",83,Allocated,Allocated,unknown,"/img_LoneWolf.E01/vol_vol7/Users/jcloudy/Dropbox/Box Sync.lnk:com.dropbox.attributes","54734e9b92ff0eb2734deb53a3e32692","13e93d6d664356a0b9a04c28334ce74839b78b96b3c207045efb60cc2dd56756",application/zlib,lnk
"Box Sync.lnk:com.dropbox.attrs","2018-04-05 07:43:42 IST","2018-04-06 18:05:28 IST","2018-04-06 18:05:28 IST","2018-04-06 18:05:25 IST",27,Allocated,Allocated,unknown,"/img_LoneWolf.E01/vol_vol7/Users/jcloudy/Dropbox/Box Sync.lnk:com.dropbox.attrs","638ce48e39de32e1839088cc4ff0c091","71abd40b65b962dc5bbcefa3f1acaa224c16a9e2ace5d7637cc755ea90488b01",application/octet-stream,lnk
CubaDearmed.jpg,"2018-04-05 07:43:43 IST","2018-04-06 18:05:28 IST","2018-04-06 18:05:28 IST","2018-04-06 18:05:25 IST",83378,Allocated,Allocated,unknown,"/img_LoneWolf.E01/vol_vol7/Users/jcloudy/Dropbox/CubaDearmed.jpg","9ec096ac9387c1e3f986e7f1c3ffd576","51d09821a58bf2e4e8edb746e95c7ecc9915848848488701d386912d7fa7cdc3",image/jpeg,jpg
"CubaDearmed.jpg:com.dropbox.attributes","2018-04-05 07:43:43 IST","2018-04-06 18:05:28 IST","2018-04-06 18:05:28 IST","2018-04-06 18:05:25 IST",83,Allocated,Allocated,unknown,"/img_LoneWolf.E01/vol_vol7/Users/jcloudy/Dropbox/CubaDearmed.jpg:com.dropbox.attributes","5d413abef9147609a445b45764911d85","35cd2ab8e2d0b90c39b013ebb0bb988c1f9fdb264c69948f3b1c40a07327ff50",application/zlib,jpg
"CubaDearmed.jpg:com.dropbox.attrs","2018-04-05 07:43:43 IST","2018-04-06 18:05:28 IST","2018-04-06 18:05:28 IST","2018-04-06 18:05:25 IST",27,Allocated,Allocated,unknown,"/img_LoneWolf.E01/vol_vol7/Users/jcloudy/Dropbox/CubaDearmed.jpg:com.dropbox.attrs","9e48270e472de72c978b49e3ad1f8da9","da35f5f4144d765e1395ba7240094d5ff4be2cac942906d66c6099127812f560",application/octet-stream,jpg
"Cubs' Anthony Rizzo Praises Parkland Kids, Says 'It's too Easy to Get a Gun'.html","2018-04-05 07:43:45 IST","2018-04-06 18:05:29 IST","2018-04-06 18:05:29 IST","2018-04-06 18:05:26 IST",286463,Allocated,Allocated,unknown,"/img_LoneWolf.E01/vol_vol7/Users/jcloudy/Dropbox/Cubs' Anthony Rizzo Praises Parkland Kids, Says 'It's too Easy to Get a Gun'.html","cd54f52d42e01f7a51751097cbf49346","4c13d9473d85dde592fd02d80881cd6131d656c9fc64fa856f9dc23283f04cab",text/html,html
"Cubs' Anthony Rizzo Praises Parkland Kids, Says 'It's too Easy to Get a Gun'.html:com.dropbox.attributes","2018-04-05 07:43:45 IST","2018-04-06 18:05:29 IST","2018-04-06 18:05:29 IST","2018-04-06 18:05:26 IST",83,Allocated,Allocated,unknown,"/img_LoneWolf.E01/vol_vol7/Users/jcloudy/Dropbox/Cubs' Anthony Rizzo Praises Parkland Kids, Says 'It's too Easy to Get a Gun'.html:com.dropbox.attributes","f9ead769f53edd13253fda9516df90c4","08352810a62eddbf9a6d3aecd10586154efabfcf6191d2e61a290f19cc33bdf0",application/zlib,html
"Cubs' Anthony Rizzo Praises Parkland Kids, Says 'It's too Easy to Get a Gun'.html:com.dropbox.attrs","2018-04-05 07:43:45 IST","2018-04-06 18:05:29 IST","2018-04-06 18:05:29 IST","2018-04-06 18:05:26 IST",28,Allocated,Allocated,unknown,"/img_LoneWolf.E01/vol_vol7/Users/jcloudy/Dropbox/Cubs' Anthony Rizzo Praises Parkland Kids, Says 'It's too Easy to Get a Gun'.html:com.dropbox.attrs","2adf35b94222192f4e1c7c57d8476cc0","7bc0cb67c893a765c276db283b44c4bf3982ff0ce7770b51f3c886eee2b1aa5f",application/octet-stream,html
DarkWolf.png,"2018-04-05 07:43:46 IST","2018-04-06 18:05:28 IST","2018-04-06 18:05:28 IST","2018-04-06 18:05:25 IST",603749,Allocated,Allocated,unknown,"/img_LoneWolf.E01/vol_vol7/Users/jcloudy/Dropbox/DarkWolf.png","831d863f03c16b4da76428aa46505e89","a25c4af6fa68d12f7e1882389e8c906b214703a275b46255b5a4fe41202f7869",image/png,png
"DarkWolf.png:com.dropbox.attributes","2018-04-05 07:43:46 IST","2018-04-06 18:05:28 IST","2018-04-06 18:05:28 IST","2018-04-06 18:05:25 IST",83,Allocated,Allocated,unknown,"/img_LoneWolf.E01/vol_vol7/Users/jcloudy/Dropbox/DarkWolf.png:com.dropbox.attributes","2747f9c26ec8f71035b285544b8b038f","2dd5dcd0230372d8bfb377aab2eaaef17622154108d3fded8b354996bcde38c0",application/zlib,png
"DarkWolf.png:com.dropbox.attrs","2018-04-05 07:43:46 IST","2018-04-06 18:05:28 IST","2018-04-06 18:05:28 IST","2018-04-06 18:05:25 IST",28,Allocated,Allocated,unknown,"/img_LoneWolf.E01/vol_vol7/Users/jcloudy/Dropbox/DarkWolf.png:com.dropbox.attrs","472719609837ba239179ad3bdedc1582","a8b46f8c19e3aa96b82316ff56f3da0ef48591b6bb4fed94ffe084a20a5fb3de",application/octet-stream,png
DeathToll.jpg,"2018-04-05 07:43:47 IST","2018-04-06 18:05:28 IST","2018-04-06 18:05:28 IST","2018-04-06 18:05:25 IST",61596,Allocated,Allocated,unknown,"/img_LoneWolf.E01/vol_vol7/Users/jcloudy/Dropbox/DeathToll.jpg","f52a3425e4c8862c2e52cf406c659edb","12c63997396c4e9edfcfa56973ec86adc0ab6e56d40697403587c6e510a2b364",image/jpeg,jpg
"DeathToll.jpg:com.dropbox.attributes","2018-04-05 07:43:47 IST","2018-04-06 18:05:28 IST","2018-04-06 18:05:28 IST","2018-04-06 18:05:25 IST",83,Allocated,Allocated,unknown,"/img_LoneWolf.E01/vol_vol7/Users/jcloudy/Dropbox/DeathToll.jpg:com.dropbox.attributes","87e1ee048f381c2d040378d1e6b007e7","a67584ef3929e28ecb7cc1aa98928558b562a6134856232cc5340e808d26bc08",application/zlib,jpg
"DeathToll.jpg:com.dropbox.attrs","2018-04-05 07:43:47 IST","2018-04-06 18:05:28 IST","2018-04-06 18:05:28 IST","2018-04-06 18:05:25 IST",28,Allocated,Allocated,unknown,"/img_LoneWolf.E01/vol_vol7/Users/jcloudy/Dropbox/DeathToll.jpg:com.dropbox.attrs","2f12d4192deabe826960d3c924f8c087","395c61ed17c011d9d389841f1366287af9fd3296c859623b9498711683d5de95",application/octet-stream,jpg
DemLogic.jpg,"2018-04-05 07:43:48 IST","2018-04-06 18:05:28 IST","2018-04-06 18:05:28 IST","2018-04-06 18:05:25 IST",24465,Allocated,Allocated,unknown,"/img_LoneWolf.E01/vol_vol7/Users/jcloudy/Dropbox/DemLogic.jpg","7e3661d8df1c0c65b7dae89fe5425906","ee063a8c426fe728c499689373313e31c4b1b8eb6c6164036b34fab81a444831",image/jpeg,jpg
"DemLogic.jpg:com.dropbox.attributes","2018-04-05 07:43:48 IST","2018-04-06 18:05:28 IST","2018-04-06 18:05:28 IST","2018-04-06 18:05:25 IST",83,Allocated,Allocated,unknown,"/img_LoneWolf.E01/vol_vol7/Users/jcloudy/Dropbox/DemLogic.jpg:com.dropbox.attributes","c8ba1e89295a5584adba852302867447","5e8379e4c48d653f3848c0652d76643f74d89f30108c87fc00abe45b6d23a01a",application/zlib,jpg
"DemLogic.jpg:com.dropbox.attrs","2018-04-05 07:43:48 IST","2018-04-06 18:05:28 IST","2018-04-06 18:05:28 IST","2018-04-06 18:05:25 IST",28,Allocated,Allocated,unknown,"/img_LoneWolf.E01/vol_vol7/Users/jcloudy/Dropbox/DemLogic.jpg:com.dropbox.attrs","44c157d138827a4ed0004651727377a3","f67dc93ce6da3fd2419485d477664376946c6412630814b334e24b5405a12926",application/octet-stream,jpg
desktop.ini,"2018-03-28 05:36:29 IST","2018-03-28 05:36:29 IST","2018-03-28 05:36:29 IST","2018-03-28 05:36:29 IST",318,Allocated,Allocated,unknown,"/img_LoneWolf.E01/vol_vol7/Users/jcloudy/Dropbox/desktop.ini","8fb18f3db31f89d9cb6b0e99c9aaa673","225f5005acd4945178305ce2674af06f50a92c875cf4dd72c86fb63f7f35e5cf",application/octet-stream,ini
Dropbox.lnk,"2018-04-05 07:43:50 IST","2018-04-06 18:05:28 IST","2018-04-06 18:05:28 IST","2018-04-06 18:05:25 IST",1303,Allocated,Allocated,unknown,"/img_LoneWolf.E01/vol_vol7/Users/jcloudy/Dropbox/Dropbox.lnk","423053b531b0248d525de385f1a62c48","eff83080e52a171bcb8431dac151efc87a8f4c49c9a83f2ff717be25f5bafb33",application/octet-stream,lnk
"Dropbox.lnk:com.dropbox.attributes","2018-04-05 07:43:50 IST","2018-04-06 18:05:28 IST","2018-04-06 18:05:28 IST","2018-04-06 18:05:25 IST",83,Allocated,Allocated,unknown,"/img_LoneWolf.E01/vol_vol7/Users/jcloudy/Dropbox/Dropbox.lnk:com.dropbox.attributes","6356259f6aa547e2e310cdf69f7b4340","8a09b66598303a7f8b402fd33b8b8ff860ebbb0043876d95830189c5e064baef",application/zlib,lnk
"Dropbox.lnk:com.dropbox.attrs","2018-04-05 07:43:50 IST","2018-04-06 18:05:28 IST","2018-04-06 18:05:28 IST","2018-04-06 18:05:25 IST",28,Allocated,Allocated,unknown,"/img_LoneWolf.E01/vol_vol7/Users/jcloudy/Dropbox/Dropbox.lnk:com.dropbox.attrs","baf767509fba8197ab5c5be33ddee36d","f437623ac66ccbd39079cbbe3dcf7661344d04557c406f6ea3c8f6aff078562d",application/octet-stream,lnk
"Google Drive.lnk","2018-04-05 07:43:51 IST","2018-04-06 18:05:28 IST","2018-04-06 18:05:28 IST","2018-04-06 18:05:25 IST",1766,Allocated,Allocated,unknown,"/img_LoneWolf.E01/vol_vol7/Users/jcloudy/Dropbox/Google Drive.lnk","a1f50715d20964c09a447eb13afb0239","e16eaf6730d1f25437975117784217ae12faeaa163edd5847995594c9add1f97",application/octet-stream,lnk
"Google Drive.lnk:com.dropbox.attributes","2018-04-05 07:43:51 IST","2018-04-06 18:05:28 IST","2018-04-06 18:05:28 IST","2018-04-06 18:05:25 IST",83,Allocated,Allocated,unknown,"/img_LoneWolf.E01/vol_vol7/Users/jcloudy/Dropbox/Google Drive.lnk:com.dropbox.attributes","5d71334cab327a3346f2ac122487c22e","a0f58ae5f43978e4e060c263f072f0bc4118454074cdda46cde2d1d04c7f4180",application/zlib,lnk
"Google Drive.lnk:com.dropbox.attrs","2018-04-05 07:43:51 IST","2018-04-06 18:05:28 IST","2018-04-06 18:05:28 IST","2018-04-06 18:05:25 IST",28,Allocated,Allocated,unknown,"/img_LoneWolf.E01/vol_vol7/Users/jcloudy/Dropbox/Google Drive.lnk:com.dropbox.attrs","e96e0fdf183098e7156511500d7f2f52","3c30dc372c80549a09ceea8bee2a924906f1d2ca935330383f607aafcae98802",application/octet-stream,lnk
HoldMyTidePod.jpg,"2018-04-05 07:43:52 IST","2018-04-06 18:05:28 IST","2018-04-06 18:05:28 IST","2018-04-06 18:05:25 IST",43525,Allocated,Allocated,unknown,"/img_LoneWolf.E01/vol_vol7/Users/jcloudy/Dropbox/HoldMyTidePod.jpg","6f51d454eed43b6468b0909a5781eedc","a0ec772b74d76f2c5dff74f8be08fda94f7599e859224875d65cb947c177456b",image/jpeg,jpg
"HoldMyTidePod.jpg:com.dropbox.attributes","2018-04-05 07:43:52 IST","2018-04-06 18:05:28 IST","2018-04-06 18:05:28 IST","2018-04-06 18:05:25 IST",83,Allocated,Allocated,unknown,"/img_LoneWolf.E01/vol_vol7/Users/jcloudy/Dropbox/HoldMyTidePod.jpg:com.dropbox.attributes","d71b6f9cae08d512528de7b8057f2ea8","70596ee56130f309f4f7b1cbf80b49c209e552b783f46e935d6e7e9e1082b213",application/zlib,jpg
"HoldMyTidePod.jpg:com.dropbox.attrs","2018-04-05 07:43:52 IST","2018-04-06 18:05:28 IST","2018-04-06 18:05:28 IST","2018-04-06 18:05:25 IST",28,Allocated,Allocated,unknown,"/img_LoneWolf.E01/vol_vol7/Users/jcloudy/Dropbox/HoldMyTidePod.jpg:com.dropbox.attrs","d738762a61b3e070b1d32676ce3fd86c","9d0459f4e9d0dac7fbfe3f7696a851c18284c0d3e6eac4ffc228a064fef14182",application/octet-stream,jpg
Huckleberry.png,"2018-04-05 07:43:53 IST","2018-04-06 18:05:28 IST","2018-04-06 18:05:28 IST","2018-04-06 18:05:25 IST",306471,Allocated,Allocated,unknown,"/img_LoneWolf.E01/vol_vol7/Users/jcloudy/Dropbox/Huckleberry.png","33743a24bdff989a72b65e76b7c762fc","15ebd6a63d771ebe4da41c947ffb3431fc4dfedf9ad85e582a16f5e3c082bac2",image/png,png
"Huckleberry.png:com.dropbox.attributes","2018-04-05 07:43:53 IST","2018-04-06 18:05:28 IST","2018-04-06 18:05:28 IST","2018-04-06 18:05:25 IST",83,Allocated,Allocated,unknown,"/img_LoneWolf.E01/vol_vol7/Users/jcloudy/Dropbox/Huckleberry.png:com.dropbox.attributes","dfe978b330ed18f674b414a1655b5922","c8068c11072ab71f8d2ae840e777be565fe4991fbabdeda0dca6bb966f11ec4a",application/zlib,png
"Huckleberry.png:com.dropbox.attrs","2018-04-05 07:43:53 IST","2018-04-06 18:05:28 IST","2018-04-06 18:05:28 IST","2018-04-06 18:05:25 IST",28,Allocated,Allocated,unknown,"/img_LoneWolf.E01/vol_vol7/Users/jcloudy/Dropbox/Huckleberry.png:com.dropbox.attrs","bc025492eb53a30a224dba5aa2f024b4","cde59d4ce21c413e45fa314bb3d918489fd3629404bb7b5f315d0ab196eae17e",application/octet-stream,png
"Larry King_ Time to Repeal the 'Poorly Written' Second Amendment.html","2018-04-05 07:43:55 IST","2018-04-06 18:05:28 IST","2018-04-06 18:05:28 IST","2018-04-06 18:05:25 IST",289380,Allocated,Allocated,unknown,"/img_LoneWolf.E01/vol_vol7/Users/jcloudy/Dropbox/Larry King_ Time to Repeal the 'Poorly Written' Second Amendment.html","c7c0f819cd6f804ba22f8c521918ccc2","4062730fcee269370b2dcf15e9c113c818a9c67a8091558d0918deb7ea547d94",text/html,html
"Larry King_ Time to Repeal the 'Poorly Written' Second Amendment.html:com.dropbox.attributes","2018-04-05 07:43:55 IST","2018-04-06 18:05:28 IST","2018-04-06 18:05:28 IST","2018-04-06 18:05:25 IST",83,Allocated,Allocated,unknown,"/img_LoneWolf.E01/vol_vol7/Users/jcloudy/Dropbox/Larry King_ Time to Repeal the 'Poorly Written' Second Amendment.html:com.dropbox.attributes","3674d8a28731db98de2df4760590496a","722c844a010e937cbdaa3d3c3e954291e59b5dcde04565cf0eab3ec15c4f8424",application/zlib,html
"Larry King_ Time to Repeal the 'Poorly Written' Second Amendment.html:com.dropbox.attrs","2018-04-05 07:43:55 IST","2018-04-06 18:05:28 IST","2018-04-06 18:05:28 IST","2018-04-06 18:05:25 IST",28,Allocated,Allocated,unknown,"/img_LoneWolf.E01/vol_vol7/Users/jcloudy/Dropbox/Larry King_ Time to Repeal the 'Poorly Written' Second Amendment.html:com.dropbox.attrs","f3038e7afed331e5df36053f0002d9b8","4b6af8bdb3d63a3cedf7b469fc6b5bf43dc80877ab798a6defca16cd0788b604",application/octet-stream,html
MyTiredHead.jpg,"2018-04-05 07:43:56 IST","2018-04-06 18:05:28 IST","2018-04-06 18:05:28 IST","2018-04-06 18:05:25 IST",107830,Allocated,Allocated,unknown,"/img_LoneWolf.E01/vol_vol7/Users/jcloudy/Dropbox/MyTiredHead.jpg","049566a023c270ec75353c15b12ffdac","b581e64862f38b248d32880dcfde49c4a7a61486067a19f38a82d29456813cd3",image/jpeg,jpg
"MyTiredHead.jpg:com.dropbox.attributes","2018-04-05 07:43:56 IST","2018-04-06 18:05:28 IST","2018-04-06 18:05:28 IST","2018-04-06 18:05:25 IST",83,Allocated,Allocated,unknown,"/img_LoneWolf.E01/vol_vol7/Users/jcloudy/Dropbox/MyTiredHead.jpg:com.dropbox.attributes","c71f88272c7767092468f0a9ad6e3da4","97c87b5a997dc3d0d8dfe1d97981fcde8e9ad36c07773a0b5adb3f853ee0b7f0",application/zlib,jpg
"MyTiredHead.jpg:com.dropbox.attrs","2018-04-05 07:43:56 IST","2018-04-06 18:05:28 IST","2018-04-06 18:05:28 IST","2018-04-06 18:05:25 IST",28,Allocated,Allocated,unknown,"/img_LoneWolf.E01/vol_vol7/Users/jcloudy/Dropbox/MyTiredHead.jpg:com.dropbox.attrs","6d8ec7fa5f1aa7ffa7fd74377d0e5cef","3ffe3ecca9406a81eff8e8d81df32043343cbc87900241b6e8a3f2a7ee0a7a0a",application/octet-stream,jpg
"Operation 2nd Hand Smoke.pptx","2018-04-04 10:41:27 IST","2018-04-06 18:05:19 IST","2018-04-04 11:02:30 IST","2018-04-04 11:02:30 IST",4408968,Allocated,Allocated,unknown,"/img_LoneWolf.E01/vol_vol7/Users/jcloudy/Dropbox/Operation 2nd Hand Smoke.pptx","b301fbf4104fb64b566b076c12a5d113","7b08d680f342f3d28a79c2a324bfd0576586958992cd738319aec3ccd5d1e129","application/vnd.openxmlformats-officedocument.presentationml.presentation",pptx
"Operation 2nd Hand Smoke.pptx:com.dropbox.attributes","2018-04-04 10:41:27 IST","2018-04-06 18:05:19 IST","2018-04-04 11:02:30 IST","2018-04-04 11:02:30 IST",83,Allocated,Allocated,unknown,"/img_LoneWolf.E01/vol_vol7/Users/jcloudy/Dropbox/Operation 2nd Hand Smoke.pptx:com.dropbox.attributes","7b357bb3602e342626d5271f93c90986","29629c80e628565b2af069215c3dc0282446495d9d36c974cccbab452f376911",application/zlib,pptx
Planning.docx,"2018-04-05 07:44:03 IST","2018-04-06 18:05:28 IST","2018-04-06 18:05:28 IST","2018-04-06 18:05:25 IST",14060,Allocated,Allocated,unknown,"/img_LoneWolf.E01/vol_vol7/Users/jcloudy/Dropbox/Planning.docx","4ef414e469b7830faa2db429fe1321ee","0d87fa0cb21fd3cd3e2eab41149e611593f0c6a5224ed264cd5632692c126e12","application/vnd.openxmlformats-officedocument.wordprocessingml.document",docx
"Planning.docx:com.dropbox.attributes","2018-04-05 07:44:03 IST","2018-04-06 18:05:28 IST","2018-04-06 18:05:28 IST","2018-04-06 18:05:25 IST",83,Allocated,Allocated,unknown,"/img_LoneWolf.E01/vol_vol7/Users/jcloudy/Dropbox/Planning.docx:com.dropbox.attributes","611fe58b0cce44f137737dcc9afdb755","0dadf364609e719f98016380a51b496e1abbab18bf8567bafe3a7bc4dc32379f",application/zlib,docx
"Planning.docx:com.dropbox.attrs","2018-04-05 07:44:03 IST","2018-04-06 18:05:28 IST","2018-04-06 18:05:28 IST","2018-04-06 18:05:25 IST",28,Allocated,Allocated,unknown,"/img_LoneWolf.E01/vol_vol7/Users/jcloudy/Dropbox/Planning.docx:com.dropbox.attrs","db2793e10cd4239b2603718dce919904","82a5ac93a4c560fde11e9378347e21876d05488d9d1ac7c385b25c66b513d388",application/octet-stream,docx
RedGuns.jpg,"2018-04-05 07:44:05 IST","2018-04-06 18:05:28 IST","2018-04-06 18:05:28 IST","2018-04-06 18:05:25 IST",122915,Allocated,Allocated,unknown,"/img_LoneWolf.E01/vol_vol7/Users/jcloudy/Dropbox/RedGuns.jpg","d34ecf2d775e806cfdfcdcbf7aa1d0a9","4c6f8d2606152e6921bee1ef80ce19d60d9f3caa6044429597ad5449e3d052c8",image/jpeg,jpg
"RedGuns.jpg:com.dropbox.attributes","2018-04-05 07:44:05 IST","2018-04-06 18:05:28 IST","2018-04-06 18:05:28 IST","2018-04-06 18:05:25 IST",83,Allocated,Allocated,unknown,"/img_LoneWolf.E01/vol_vol7/Users/jcloudy/Dropbox/RedGuns.jpg:com.dropbox.attributes","2dafffb874b1418738162e72e648fc45","a374e15584c7a2393b715cbc6477edaa160dbec1cef1f86942a8db87ff0e07c2",application/zlib,jpg
"RedGuns.jpg:com.dropbox.attrs","2018-04-05 07:44:05 IST","2018-04-06 18:05:28 IST","2018-04-06 18:05:28 IST","2018-04-06 18:05:25 IST",28,Allocated,Allocated,unknown,"/img_LoneWolf.E01/vol_vol7/Users/jcloudy/Dropbox/RedGuns.jpg:com.dropbox.attrs","2ea22a2b963f0edf2b927ef6a6e0c1df","05402cded505843c7601f3f06bc2c8c9aee409dc6ad821c983094395b16954b4",application/octet-stream,jpg
Sheep.jpg,"2018-04-05 07:44:06 IST","2018-04-06 18:05:28 IST","2018-04-06 18:05:28 IST","2018-04-06 18:05:25 IST",11073,Allocated,Allocated,unknown,"/img_LoneWolf.E01/vol_vol7/Users/jcloudy/Dropbox/Sheep.jpg","31796478ada0832801007ec66abb5ff7","fc99c650d585c970338aedb43b983ab656a76f1f0fad8041b2824bc374673998",image/jpeg,jpg
"Sheep.jpg:com.dropbox.attributes","2018-04-05 07:44:06 IST","2018-04-06 18:05:28 IST","2018-04-06 18:05:28 IST","2018-04-06 18:05:25 IST",83,Allocated,Allocated,unknown,"/img_LoneWolf.E01/vol_vol7/Users/jcloudy/Dropbox/Sheep.jpg:com.dropbox.attributes","b6640711665e5da095d6160f8d55f546","a16a4b7077e96112dad1ea26b0ad38b6c79a6786b654adef78c538eed108136b",application/zlib,jpg
"Sheep.jpg:com.dropbox.attrs","2018-04-05 07:44:06 IST","2018-04-06 18:05:28 IST","2018-04-06 18:05:28 IST","2018-04-06 18:05:25 IST",28,Allocated,Allocated,unknown,"/img_LoneWolf.E01/vol_vol7/Users/jcloudy/Dropbox/Sheep.jpg:com.dropbox.attrs","290d54046e36c547bf133d373b2805a3","de2910bdf53106e633a0370a923b71fe1b8d7fdd59ea403e1766e4500abf9e9f",application/octet-stream,jpg
"The Cloudy Manifesto.docx","2018-04-02 07:05:27 IST","2018-04-02 07:13:42 IST","2018-04-02 07:06:45 IST","2018-04-02 07:06:45 IST",816313,Allocated,Allocated,unknown,"/img_LoneWolf.E01/vol_vol7/Users/jcloudy/Dropbox/The Cloudy Manifesto.docx","14c07920ddc81fbd489e61d60e5c9f28","fee91c8bafb9fb51574b11bfeed5a08b89e7bb90e874c07d95562c76380f2c65","application/vnd.openxmlformats-officedocument.wordprocessingml.document",docx
"The Cloudy Manifesto.docx:com.dropbox.attributes","2018-04-02 07:05:27 IST","2018-04-02 07:13:42 IST","2018-04-02 07:06:45 IST","2018-04-02 07:06:45 IST",83,Allocated,Allocated,unknown,"/img_LoneWolf.E01/vol_vol7/Users/jcloudy/Dropbox/The Cloudy Manifesto.docx:com.dropbox.attributes","9d918f54278cef4a3a9811fd2863039f","14629cdb22f83ced27c1a5ff286fc7c5ecd174af6ebe7d02f5dafa7a0ed6c442",application/zlib,docx
