Name,"Login Name",Host,Scope,"Realm Name","Creation Time"
S-1-5-18,SYSTEM,"LoneWolf.E01_1 Host",Local,"NT AUTHORITY",
"S-1-5-80-956008885-3418522649-1831038044-1853292631-2271478464",,"LoneWolf.E01_1 Host",Local,"NT SERVICE",
"S-1-5-21-2734969515-1644526556-1039763013-1001",jcloudy,"LoneWolf.E01_1 Host",Domain,,"2018-03-27 14:48:58 IST"
"S-1-5-80-3028837079-3186095147-955107200-3701964851-1150726376",,"LoneWolf.E01_1 Host",Local,"NT SERVICE",
S-1-5-20,"NETWORK SERVICE","LoneWolf.E01_1 Host",Local,"NT AUTHORITY",
S-1-5-19,"LOCAL SERVICE","LoneWolf.E01_1 Host",Local,"NT AUTHORITY",
"S-1-5-21-397955417-626881126-188441444-4882392",,"LoneWolf.E01_1 Host",Domain,,
"S-1-5-21-2734969515-1644526556-1039763013-503",DefaultAccount,"LoneWolf.E01_1 Host",Domain,,"2018-03-27 17:43:26 IST"
"S-1-5-21-2734969515-1644526556-1039763013-500",Administrator,"LoneWolf.E01_1 Host",Domain,,"2018-03-27 17:43:26 IST"
"S-1-5-21-2734969515-1644526556-1039763013-501",Guest,"LoneWolf.E01_1 Host",Domain,,"2018-03-27 17:43:26 IST"
"S-1-5-21-2734969515-1644526556-1039763013-504",WDAGUtilityAccount,"LoneWolf.E01_1 Host",Domain,,"2018-03-27 17:43:26 IST"
